{
    "value0": {
        "T_imu_cam": [
            {
                "px": 0.0,
                "py": 0.0,
                "pz": 0.0,
                "qx": -0.0035640517603536629,
                "qy": -0.6848748954710605,
                "qz": 0.7285864864712793,
                "qw": 0.009767641475296902
            },
            {
                "px": -0.10108693561883726,
                "py": 0.0004405803633502716,
                "pz": -0.0007435644499469958,
                "qx": -0.003610387034086264,
                "qy": -0.7021326639552101,
                "qz": 0.7119648629732154,
                "qw": 0.010135146972537224
            }
        ],
        "intrinsics": [
            {
                "camera_type": "ds",
                "intrinsics": {
                    "fx": 158.27871032533424,
                    "fy": 158.267093436843,
                    "cx": 254.96050385038437,
                    "cy": 256.88985776542247,
                    "xi": -0.17217590546960905,
                    "alpha": 0.5931061826988001
                }
            },
            {
                "camera_type": "ds",
                "intrinsics": {
                    "fx": 157.9185887809557,
                    "fy": 157.89064156492609,
                    "cx": 252.56377167627199,
                    "cy": 255.02662654441773,
                    "xi": -0.17114391523517878,
                    "alpha": 0.5925534893639901
                }
            }
        ],
        "resolution": [
            [
                512,
                512
            ],
            [
                512,
                512
            ]
        ],
        "calib_accel_bias": [
            0.0,
            0.0,
            0.0,
            0.0,
            0.0,
            0.0,
            0.0,
            0.0,
            0.0
        ],
        "calib_gyro_bias": [
            0.0,
            0.0,
            0.0,
            0.0,
            0.0,
            0.0,
            0.0,
            0.0,
            0.0,
            0.0,
            0.0,
            0.0
        ],
        "imu_update_rate": 200.0,
        "accel_noise_std": [
            0.016,
            0.016,
            0.016
        ],
        "gyro_noise_std": [
            0.000282,
            0.000282,
            0.000282
        ],
        "accel_bias_std": [
            0.001,
            0.001,
            0.001
        ],
        "gyro_bias_std": [
            0.0001,
            0.0001,
            0.0001
        ],
        "cam_time_offset_ns": 0,
        "vignette": []
    }
}